,0,1,2,3,4,5,6,7
0,Incident,Client,Hot,Escalate,QA Status,Origin,Completed,Product
1,133811081,Allstar Transportation Program 013108,,,RETURNED,EMAIL,,AL
2,133811151,LOCKHEED MARTIN,X,,IN PROGRESS,PHONE CALL,,WC
3,133819668,Unknown Client,,,WAITING,PHONE CALL,,GI
4,133820403,Unknown Client,,,WAITING,PHONE CALL,,GI
5,133820471,Unknown Client,,,WAITING,PHONE CALL,,GI
6,133820505,Unknown Client,,,WAITING,PHONE CALL,,GI
7,133820778,Unknown Client,,,WAITING,PHONE CALL,,GI
8,133820894,Unknown Client,,,WAITING,PHONE CALL,,GI
9,133821710,THE WILLIAMS COMPANIES,,,WAITING,PHONE CALL,,AL
10,133821716,Pepsi Beverages Company,,,IN PROGRESS,PHONE CALL,Sep 29 2022 4:24PM,AL
11,133821728,Unknown Client,,,WAITING,PHONE CALL,,GI
12,133821816,TCFIII OWL BUYER LLC (018575),,,WAITING,PHONE CALL,Sep 29 2022 5:43PM,AL
13,133822046,EXTRA SPACE,,,WAITING,PHONE CALL,Sep 29 2022 4:46PM,PL
14,133822079,NISOURCE (ESIS),,,WAITING,PHONE CALL,Sep 29 2022 4:37PM,AL
15,133822108,Pepsi Beverages Company,,,IN PROGRESS,PHONE CALL,Sep 29 2022 4:29PM,WC
16,133822117,Rentokil North America (011428),,,WAITING,PHONE CALL,Sep 29 2022 4:31PM,GL
17,133822122,Temporary Services Ins TSIL 001627,,,IN PROGRESS,PHONE CALL,Sep 29 2022 4:29PM,WC
18,133822129,MODIVCARE,,,WAITING,PHONE CALL,Sep 29 2022 4:46PM,WC
19,133822138,State of Florida & Florida National Guard (USIS),,,IN PROGRESS,PHONE CALL,Sep 29 2022 4:29PM,WC
20,133822141,CITGO PETROLEUM OCIP,,,WAITING,PHONE CALL,Sep 29 2022 4:46PM,WC
21,133822146,ACE USA - ASM (ACE Specialty Markets),,,WAITING,PHONE CALL,Sep 29 2022 4:39PM,AL
22,133822152,Summit Insurance Ltd. (001529),,,WAITING,PHONE CALL,Sep 29 2022 5:05PM,AL
23,133822160,Waste Management (003000),,,WAITING,PHONE CALL,Sep 29 2022 4:46PM,AL
24,133822166,State of Florida & Florida National Guard (USIS),,,WAITING,PHONE CALL,Sep 29 2022 4:41PM,WC
25,133822173,Utica National Insurance Group,,,WAITING,PHONE CALL,Sep 29 2022 4:43PM,WC
26,133822174,ACE USA - ASM (ACE Specialty Markets),,,WAITING,PHONE CALL,Sep 29 2022 4:55PM,AL
27,133822180,P&C - Athens Administrators,,,WAITING,PHONE CALL,Sep 29 2022 4:55PM,AL
28,133822206,Autozone (000531),,,WAITING,PHONE CALL,Sep 29 2022 4:47PM,AL
29,133822229,MS LIME,,,WAITING,PHONE CALL,Sep 29 2022 5:01PM,WC
30,133822244,Daimler Trucks North America (001961),,,WAITING,PHONE CALL,Sep 29 2022 4:54PM,AL
31,133822286,Pepsi Beverages Company,,,WAITING,PHONE CALL,Sep 29 2022 5:08PM,WC
32,133822289,WORLD OIL CORP,,,WAITING,PHONE CALL,,WC
33,133822295,MONDELEZ INTERNATIONAL INC,,,WAITING,PHONE CALL,Sep 29 2022 5:11PM,WC
34,133822297,CIRMA,,,WAITING,PHONE CALL,Sep 29 2022 5:12PM,WC
35,133822309,AVI Foodsystems,,,WAITING,PHONE CALL,Sep 29 2022 4:56PM,CCQ
36,133822311,Waste Management (003000),,,WAITING,PHONE CALL,Sep 29 2022 5:06PM,WC
37,133822319,Autozone (000531),,,WAITING,PHONE CALL,Sep 29 2022 5:14PM,AL
38,133822320,Refresco US Holding (009143),,,WAITING,PHONE CALL,Sep 29 2022 5:14PM,WC
39,133822326,CORE-MARK HOLDING COMPANY,,,WAITING,PHONE CALL,Sep 29 2022 5:14PM,WC
40,133822339,ACE USA - ASM (ACE Specialty Markets),,,WAITING,PHONE CALL,Sep 29 2022 5:28PM,AL
41,133822363,ESIS Standard,,,WAITING,PHONE CALL,Sep 29 2022 5:31PM,WC
42,133822379,Autozone (000531),,,WAITING,PHONE CALL,Sep 29 2022 5:12PM,AL
43,133822383,Autozone (000531),,,WAITING,PHONE CALL,Sep 29 2022 5:18PM,AL
44,133822415,Millennium Insurance (001864),,,WAITING,PHONE CALL,Sep 29 2022 5:21PM,WC
45,133822439,RITE AID,,,WAITING,PHONE CALL,Sep 29 2022 5:26PM,GL
46,133822441,Construction Solutions (004143),,,WAITING,EMAIL,Sep 29 2022 5:26PM,AL
47,133822460,Autozone (000531),,,WAITING,PHONE CALL,Sep 29 2022 5:24PM,AL
48,133822469,WIS International (001372),,,WAITING,PHONE CALL,Sep 29 2022 5:42PM,WC
49,133822475,EXTRA SPACE,,,WAITING,PHONE CALL,Sep 29 2022 5:28PM,PL
50,133822476,Hostess Holdco (005138),,,WAITING,PHONE CALL,Sep 29 2022 5:28PM,GL
51,133822478,LA Rural Parish (010587),,,WAITING,PHONE CALL,Sep 29 2022 5:57PM,AL
52,133822487,TJX Tipline,,,WAITING,PHONE CALL,Sep 29 2022 5:35PM,CCQ
53,133822490,AirCo Aviation Services (013565),,,WAITING,PHONE CALL,Sep 29 2022 5:46PM,WC
54,133822495,Al Fresco Landscape Mgmt. 017264,,,IN PROGRESS,EMAIL,Sep 29 2022 5:57PM,GL
55,133822507,Old Republic Aerospace (001790),,,WAITING,PHONE CALL,Sep 29 2022 5:46PM,WC
56,133822508,Raffles Insurance LTD (000714),,,WAITING,EMAIL,Sep 29 2022 5:44PM,AL
57,133822510,Collective Liability Ins Coop (010003),,,WAITING,EMAIL,Sep 29 2022 5:48PM,AL
58,133822511,Autozone (000531),,,WAITING,PHONE CALL,Sep 29 2022 5:43PM,AL
59,133822516,Boulder Insurance LTD (GB) (002028),,,WAITING,PHONE CALL,Sep 29 2022 5:46PM,WC
60,133822526,Waste Management (003000),,,WAITING,PHONE CALL,Sep 29 2022 5:54PM,AL
61,133822540,All Risks LTD (002221),,,IN PROGRESS,EMAIL,Sep 29 2022 5:45PM,WC
62,133822543,Pepsi Beverages Company,,,WAITING,PHONE CALL,Sep 29 2022 5:47PM,AL
63,133822545,TrueBlue Inc (009793),,,WAITING,PHONE CALL,Sep 29 2022 5:49PM,WC
64,133822550,Milwaukee Public Schools (009012),,,WAITING,PHONE CALL,Sep 29 2022 5:53PM,WC
65,133822563,Autozone (000531),,,WAITING,PHONE CALL,Sep 29 2022 6:00PM,AL
66,133822564,ALL RISK LTD/TEMP STAFFING (004387),,,WAITING,PHONE CALL,Sep 29 2022 5:52PM,WC
67,133822570,Markel Corporation,,,WAITING,PHONE CALL,Sep 29 2022 5:51PM,CCQ
68,133822577,Affinity Insurance C/O Captive Resources (001960),,,WAITING,PHONE CALL,Sep 29 2022 5:56PM,WC
69,133822580,Front Burner Restaurants,,,WAITING,PHONE CALL,Sep 29 2022 5:58PM,GL
70,133822582,WIS International (001372),,,WAITING,PHONE CALL,Sep 29 2022 6:00PM,WC
71,133822596,Delta Global Services LLC,,,WAITING,PHONE CALL,Sep 29 2022 6:05PM,GL
72,133822597,Markel Corporation,,,WAITING,PHONE CALL,Sep 29 2022 6:00PM,CCQ
73,133822608,Ceva Logistics US (001597),,,WAITING,EMAIL,Sep 29 2022 6:14PM,AL
74,133822610,Athens Administrators - Ensign Services,,,WAITING,PHONE CALL,Sep 29 2022 6:09PM,WC
75,133822615,Delta Global Services LLC,,,WAITING,PHONE CALL,Sep 29 2022 6:06PM,GL
76,133822617,Markel Corporation,,,WAITING,PHONE CALL,Sep 29 2022 6:00PM,CCQ
77,133822629,TJX Tipline,,,WAITING,PHONE CALL,Sep 29 2022 6:10PM,CCQ
78,133822641,Affinity Insurance C/O Captive Resources (001960),,,WAITING,EMAIL,Sep 29 2022 6:28PM,AL
79,133822643,"AutoNation, Inc. (GB) (001873)",,,WAITING,PHONE CALL,Sep 29 2022 6:10PM,WC
80,133822648,TJX Tipline,,,WAITING,PHONE CALL,Sep 29 2022 6:31PM,CCQ
81,133822649,United Natural Foods (009071),,,WAITING,PHONE CALL,Sep 29 2022 6:17PM,WC
82,133822650,Balfour Beatty Customer Service Line,,,WAITING,PHONE CALL,Sep 29 2022 6:12PM,CCQ
83,133822651,Sodexo 000808,X,,IN PROGRESS,PHONE CALL,Sep 29 2022 6:17PM,WC
84,133822653,Pepsi Beverages Company,,,WAITING,PHONE CALL,Sep 29 2022 6:20PM,AL
85,133822656,DELTA JFK TERMINAL 4 CCIP,,,WAITING,PHONE CALL,Sep 29 2022 6:26PM,WC
86,133822667,Astrus Insurance Wrap (006653),,,WAITING,EMAIL,Sep 29 2022 6:21PM,WC
87,133822674,Autozone (000531),,,WAITING,PHONE CALL,Sep 29 2022 6:26PM,AL
88,133822675,Autozone (000531),,,WAITING,PHONE CALL,Sep 29 2022 6:33PM,AL
89,133822679,Ardellis Insurance (002127),,,WAITING,PHONE CALL,Sep 29 2022 6:22PM,WC
90,133822680,R Construction Group (009853),,,WAITING,EMAIL,Sep 29 2022 6:24PM,AL
91,133822698,Affinity Insurance C/O Captive Resources (001960),,,WAITING,PHONE CALL,Sep 29 2022 6:34PM,WC
92,133822699,ACE USA - ASM (ACE Specialty Markets),,,WAITING,PHONE CALL,Sep 29 2022 6:29PM,PL
93,133822711,"EG Retail America, LLC (011502)",,,WAITING,PHONE CALL,Sep 29 2022 6:33PM,PL
94,133822732,PREFERRED CLUB PROGRAMS (009233),,,WAITING,EMAIL,Sep 29 2022 6:37PM,GL
95,133822738,Autozone (000531),,,WAITING,PHONE CALL,Sep 29 2022 6:55PM,AL
96,133822741,PROVIDENCE GROUP INC,,,WAITING,PHONE CALL,Sep 29 2022 6:48PM,WC
97,133822747,All My Sons (009645),,,WAITING,PHONE CALL,Sep 29 2022 6:31PM,AL
98,133822748,"EG Retail America, LLC (011502)",,,WAITING,EMAIL,Sep 29 2022 6:35PM,WC
99,133822758,John Moriarty & Assoc (006611) (GB),,,WAITING,EMAIL,Sep 29 2022 6:38PM,WC
100,133822776,Olympus Insurance 009410,,,WAITING,PHONE CALL,Sep 29 2022 6:45PM,AL
101,133822785,CRESTLINE HOTELS,,,IN PROGRESS,EMAIL,Sep 29 2022 6:45PM,GL
102,133822789,Novo Nordisk (004238),,,WAITING,EMAIL,Sep 29 2022 6:51PM,AL
103,133822792,Autozone (000531),,,WAITING,PHONE CALL,Sep 29 2022 6:47PM,AL
104,133822798,Peabody Energy (009539),,X,WAITING,EMAIL,Sep 29 2022 6:52PM,WC
105,133822807,Frontier Adjusters,,X,WAITING,PHONE CALL,Sep 29 2022 6:53PM,CCQ
106,133822808,TRIP (001835),,,WAITING,EMAIL,Sep 29 2022 6:55PM,AL
